"conversation_id_str","created_at","favorite_count","full_text","id_str","image_url","in_reply_to_screen_name","lang","location","quote_count","reply_count","retweet_count","tweet_url","user_id_str","username"
"1928611261518152145","Sun Jun 01 08:31:13 +0000 2025","0","@ketekpaus_ @armingosongg sebenerny gapapa tau klo kamu gapunya pengalaman sebelumny. yg penting tuh tunjukkin klo kamu antusias untuk belajar &amp; berkembang di organisasi. caranya? yg paling efektif pas wawancara ga cuma kata-kata tp gestur tubuh jg main utk bnr menunjukkan tujuan km masuk organisasi","1929093364525289790","","emi_patricia2","in","","0","1","0","https://x.com/undefined/status/1929093364525289790","1806705283810660352",
"1919305076457537595","Sun Jun 01 08:30:25 +0000 2025","0","@nyonyaningguang kata kata hari ini https://t.co/ScPI1V8TTl","1929093163869716761","https://pbs.twimg.com/media/GsWEAlpacAAwyyo.jpg","nyonyaningguang","in","","0","0","0","https://x.com/undefined/status/1929093163869716761","2945345752",
"1925557770168017301","Sun Jun 01 08:30:07 +0000 2025","0","Dalam hati Saka bingung sendiri. Ini lo ngapain sih? Aneh banget. Tapi di luar ia terus melontarkan kata-kata sindiran dan kemarahan.","1929093087961415793","","selindungkasih","in","","0","1","0","https://x.com/undefined/status/1929093087961415793","734645949608415233",
"1929038055433973819","Sun Jun 01 08:28:46 +0000 2025","0","@YantoBoyok00 @tirta_cipeng Dia asisten dulu di barca terus pernah mau ngebet buat jadi pelatih dulu makanya waktu inter menang lawan barca yang 2009 apa 2010 itu dia ngejek fans barca yang dulu nentang dia buat jadi coach dengan kata kata gabutuh translator buat jadi pelatih CMIW","1929092748138914118","","YantoBoyok00","in","","0","0","0","https://x.com/undefined/status/1929092748138914118","1624607559264129024",
"1929080016668864813","Sun Jun 01 08:28:39 +0000 2025","0","@mineyushi kak ternyata berguna juga ya kata kata tsb untuk momen kaya gitu","1929092717025329174","","mineyushi","in","","0","0","0","https://x.com/undefined/status/1929092717025329174","468202400",
"1929086777051988333","Sun Jun 01 08:27:13 +0000 2025","0","@unjaex Kurang jelas yah waktunya? Itu jam pas kebetulan trsr lagi perform di pict kedua itu kata-kata trsr yg biasa mereka omongin kalau lgi di perform. Masih kurang jelas? Ada di pict terakhir. Mau ngelak apa lagi? Jadi siapa yang nyari ribut duluan?‍️ https://t.co/fi2X6wch5i","1929092357955232124","https://pbs.twimg.com/media/GsWDRUsbUAAkmYC.jpg","unjaex","in","","0","0","0","https://x.com/undefined/status/1929092357955232124","1497418134013505537",
"1929092309536162127","Sun Jun 01 08:27:02 +0000 2025","0","Gue tarik kata kata gue mcgg asik cuyy.","1929092309536162127","","","in","","0","1","0","https://x.com/undefined/status/1929092309536162127","270231069",
"1929092110176731193","Sun Jun 01 08:26:14 +0000 2025","0","Ga ada kata kata yang bisa jelasin betapa cintanya aku sama karya karya Ahmad Tohari. ","1929092110176731193","","","in","","0","0","0","https://x.com/undefined/status/1929092110176731193","1306794927460769792",
"1929091610559799541","Sun Jun 01 08:24:15 +0000 2025","0","kata-kata yang harus dihindari.. https://t.co/pIDoFIrDM5","1929091610559799541","https://pbs.twimg.com/media/GsWClcMaYAAJN0G.jpg","","in","","0","0","0","https://x.com/undefined/status/1929091610559799541","1239429071542431745",
"1928779742293143684","Sun Jun 01 08:22:26 +0000 2025","0","@Ngadinopanser @Minietweets_ @mohmahfudmd Arti peribahasa Jawa Sabda pandita ratu tan kena wola-wali adalah kata-kata pemimpin bijaksana tidak dapat diubah atau ditarik kembali menekankan integritas dan otoritas. Dalam budaya Jawa ini mencerminkan penghormatan terhadap pemimpin yang konsisten membangun kepercayaan","1929091154785743196","","Ngadinopanser","in","","0","0","0","https://x.com/undefined/status/1929091154785743196","1720665183188922368",
"1929091123462688794","Sun Jun 01 08:22:19 +0000 2025","0","Setelah kata-kata bombastis sebelumnya ga mempan.. kini muncul Meledak ","1929091123462688794","","","in","","0","0","0","https://x.com/undefined/status/1929091123462688794","1417251642085318663",
"1929091037395660828","Sun Jun 01 08:21:58 +0000 2025","0","gw gumoh bgt njing liat mf yang isinya ngebacot gamau kuliah di pil 2 kek anjing bersyukur lu ngentot diluar 200rb org banyak yang dapet kata kata semangat daripaa selamat ngentot lu semua","1929091037395660828","","","in","","0","0","0","https://x.com/undefined/status/1929091037395660828","1733812081542254592",
"1929086292412768401","Sun Jun 01 08:21:37 +0000 2025","1","@shizukaahere Sugar dadynya hapus aja desss.... Post lagi tanpa kata kata sugar dady... Takut Weh ","1929090948253761831","","shizukaahere","in","","0","0","0","https://x.com/undefined/status/1929090948253761831","1855458523305672704",
"1928803627671396595","Sun Jun 01 08:20:05 +0000 2025","0","@Tokocrypto Kata kata investasi itu tidak cocok buat crypto jika melihat grafik semua crypto kecuali BTC. https://t.co/ZMHerpe7pl","1929090563539628540","","Tokocrypto","in","","0","0","0","https://x.com/undefined/status/1929090563539628540","1588945493438013440",
"1929089629392957891","Sun Jun 01 08:16:23 +0000 2025","0","kata kata mutiara nya makhluk rendahan tai tai","1929089629392957891","","","in","","0","0","0","https://x.com/undefined/status/1929089629392957891","1886302964664745984",
"1929089588187775155","Sun Jun 01 08:16:13 +0000 2025","1","kata kata yg keluar setiap disenggol duluan:","1929089588187775155","","","in","","0","1","0","https://x.com/undefined/status/1929089588187775155","1794381955653578752",
"1929089053548278140","Sun Jun 01 08:14:26 +0000 2025","0","Diotakmu penuh dg kata Jika Jika aku tidak ada disini jika aku seharusnya tidak melakukan ini jika seharusnya aku lebih hati-hati. Di dalam ributnya pikiranmu kamu harus juga menerima ributnya kata-kata orang lain terhadapmu. Semuanya penuh &amp; lama-lama seperti akan meledak.","1929089140341035089","","pupukrittin","in","","0","1","0","https://x.com/undefined/status/1929089140341035089","1198258761523060737",
"1929088269746053631","Sun Jun 01 08:10:58 +0000 2025","0","Pancasila bukan sekadar kata-kata. Lebih dari itu Pancasila merupakan sumber kekuatan bagi bangsa Indonesia. Find more Instagram : @ designbunchberry Facebook : Bunchberry Design Pinterest : bunchberrydesign https://t.co/lX65eXBOwW","1929088269746053631","https://pbs.twimg.com/media/GsV_jusaUAA0d5t.jpg","","in","","0","0","0","https://x.com/undefined/status/1929088269746053631","1805202509549715456",
"1929088136480461175","Sun Jun 01 08:10:27 +0000 2025","0","anjayy kata kata tanggal 19 mei","1929088136480461175","","","in","","0","0","0","https://x.com/undefined/status/1929088136480461175","1268132096771407873",
"1925335144854167780","Sun Jun 01 08:09:55 +0000 2025","0","@Leesojl Lewat kata-kata hari ini apa boleh? Tenang aja aku gak loyo tapi aku baru kembali dari hiatus! BOLEH BANGET ARGGHHH LUCU kamu juga cantiknya pacarmu dan aku hahay","1929088001851772932","","Leesojl","in","","0","0","0","https://x.com/undefined/status/1929088001851772932","2954749274",
"1929016375567102252","Sun Jun 01 08:06:43 +0000 2025","1","@_mimisaidi Baik! Saya akan mendengar kata-kata sifu. ","1929087198890004823","","_mimisaidi","in","","0","0","0","https://x.com/undefined/status/1929087198890004823","1177020771475939328",
"1928679139403509880","Sun Jun 01 08:04:34 +0000 2025","1","@MohammadMakruf @AlanN35104 @Doremi1821839 @ImamBesar212 @Kakak211 @I_love_Israel7 @MarioInferno @nidi_nada29067 @PaijoKhentirrr Lah kata kata mu bilang ; Yang dijelaskan UAS bukan muhamad bin abdullah. Saya jelaskam panjang lebar pu kamu gak akan paham yang muslim aja belum tentu bisa &amp; mau paham ","1929086656772190303","","MohammadMakruf","in","","0","1","0","https://x.com/undefined/status/1929086656772190303","1341359224601788418",
"1928949614134309009","Sun Jun 01 08:04:11 +0000 2025","0","@ivanlanin Uda mohon tanya. Dalam cerita kata-kata yang diucapkan dalam hati/pikiran/batin bgmn format penulisannya? Apakah hrs: 1. Ditulis miring; 2. Diberi tanda petik? Atau apakah ditulis biasa seperti percakapan biasa yg diucapkan melalui mulut? Atau bagaimana seharusnya?","1929086560810459277","","ivanlanin","in","","0","0","0","https://x.com/undefined/status/1929086560810459277","343457252",
"1929083762912235779","Sun Jun 01 07:53:04 +0000 2025","1","Tersenyum dan tertawa memang merupakan salah satu kunci untuk menjaga keseimbangan emosi dan menjauhkan stres. Oleh karena itu kata-kata konyol yang lucu dan menghibur dapat menjadi obat yang ampuh untuk mengusir kejenuhan dan tekanan yang ada. Replay kata-kata lucu Kalian ","1929083762912235779","","","in","","0","0","0","https://x.com/undefined/status/1929083762912235779","1424513138209157121",
"1929083544950686032","Sun Jun 01 07:52:12 +0000 2025","0","Kata kata terngiang di otak adalah Oooh My Goooaaaaaatt Yang diucapkan oleh seorang fetis ronaldo","1929083544950686032","","","in","","0","2","0","https://x.com/undefined/status/1929083544950686032","1451059706252824582",
"1929037333262905370","Sun Jun 01 07:50:50 +0000 2025","0","@jejeayy1 Lagi nggak punya kata-kata deh","1929083202859094361","","jejeayy1","in","","0","0","0","https://x.com/undefined/status/1929083202859094361","1654874361277616129",
"1928928744841847120","Sun Jun 01 07:48:59 +0000 2025","0","@Doelbatox karna tertampar mulu sama kata kata truk","1929082735357829277","","Doelbatox","in","","0","0","0","https://x.com/undefined/status/1929082735357829277","102273661",
"1929082600163090662","Sun Jun 01 07:48:27 +0000 2025","0","Kata kata hari ini :)","1929082600163090662","","","in","","0","0","0","https://x.com/undefined/status/1929082600163090662","1329761054864281602",
"1929080927654740410","Sun Jun 01 07:47:48 +0000 2025","0","Dengan MBTI ISFP Richa adalah pribadi yang artistik sensitif dan sangat menghargai keindahan dalam hal-hal kecil. Ia lebih suka berbicara lewat tindakan daripada kata-kata dan sering menunjukkan kepeduliannya secara diam-diam namun tulus. https://t.co/wP3ZNGFWJW","1929082436635234448","https://pbs.twimg.com/media/GsV6QAIaMAAVYCd.jpg","eleveJIWOO","in","","0","1","0","https://x.com/undefined/status/1929082436635234448","863578508479442945",
"1928904380075430050","Sun Jun 01 07:46:49 +0000 2025","0","@snbtfess udh jgn pikirin orang jgn biarkan kata kata org itu mengendalikan mu sender. Km berhak atas dirimu sendiri yh hempas aja yg bgtu. Dengerin kritik/saran itu gk masalah tp kl negatif gt gk usahlah km pikirkan.","1929082190417035343","","snbtfess","in","","0","0","0","https://x.com/undefined/status/1929082190417035343","1869371784379891713",
"1929081874292314544","Sun Jun 01 07:45:34 +0000 2025","0","Kata-kata adalah doa ... Lancarkan mudahkan banyak rezeki datang dari arah mana saja.. ratusan-ribuan-puluhan ribu $ sehat dan bahagia ","1929081874292314544","","","in","","0","0","0","https://x.com/undefined/status/1929081874292314544","1494244746793189378",
"1929081125869142228","Sun Jun 01 07:42:35 +0000 2025","0","kenapa ya harus ada sitasi kenapa kalian ga percaya aja sama kata kata aku","1929081125869142228","","","in","","0","0","0","https://x.com/undefined/status/1929081125869142228","1117713175342829569",
"1929080423352619164","Sun Jun 01 07:39:48 +0000 2025","0","alay bgt jir ternyata mfs gw bodo ah ga bisa ekspresikan pake kata kata","1929080423352619164","","","in","","0","0","0","https://x.com/undefined/status/1929080423352619164","1364915338375143426",
"1928809602516398154","Sun Jun 01 07:38:52 +0000 2025","0","@jackboiys itu kata kata zomblo bisa gausah diperjelas ga?","1929080189687841033","","jackboiys","in","","0","0","0","https://x.com/undefined/status/1929080189687841033","2306458376",
"1929079976659210387","Sun Jun 01 07:38:01 +0000 2025","0","feminis itu hidupnya muter-muter di kata-kata dilarang ngatur selain donatur.. ya sebenernya ngebuktiin valuenya mereka cuma untuk dibeli transaksional aja sih ","1929079976659210387","","","in","","0","0","0","https://x.com/undefined/status/1929079976659210387","1554329396",
"1928943348796002362","Sun Jun 01 07:37:52 +0000 2025","0","@chirppycip @sbmptnfess Rasa ingin membalas semua yang ngirim menfess kagak bersyukur pake kata kata inih","1929079939099238764","","chirppycip","in","","0","0","0","https://x.com/undefined/status/1929079939099238764","1753331332401471488",
"1928855585337782726","Sun Jun 01 07:34:59 +0000 2025","0","@RiyyuLynelle_ @jimiciw eh bener lagii wkwkwk kata kata keramatt","1929079212494958604","","RiyyuLynelle_","in","","0","0","0","https://x.com/undefined/status/1929079212494958604","1488133992557645829",
"1929079067011158476","Sun Jun 01 07:34:24 +0000 2025","0","mei selalu jadi bulan dengan dokumentasi fotonya kata kata paling banyak","1929079067011158476","","","in","","0","0","0","https://x.com/undefined/status/1929079067011158476","1475278764015718400",
"1928287511803019351","Sun Jun 01 07:33:49 +0000 2025","0","@davisformvp23 @bailemon_ @_mizuhashi kata-kata lucu ngemis ke orang tua wkwk","1929078920755736621","","davisformvp23","in","","0","0","0","https://x.com/undefined/status/1929078920755736621","1296056920126627840",
"1928928367383851057","Sun Jun 01 07:30:13 +0000 2025","1","@ReflyHZ Tanggapi dengan santai tidak perlu emosi berlebihan apalagi sampai keluar kata kata kotor","1929078011724198378","","ReflyHZ","in","","0","0","1","https://x.com/undefined/status/1929078011724198378","2978140904",
"1929077967118020953","Sun Jun 01 07:30:02 +0000 2025","1","stiap naik kelas pasti ada temen kelas yang nangis grgr aku. padahal aku rarely tubir tp kayanya kl udh tersinggung kata kata yg dikeluarin biadab bgt sampe pada nangis gitu. buat ukuran ank sd smp sma yee","1929077967118020953","","","in","","0","0","0","https://x.com/undefined/status/1929077967118020953","1266285827471978496",
"1929077818794590430","Sun Jun 01 07:29:27 +0000 2025","1","beneran siap dipenggal kalo kata kata mendadak dan mendidik dan sejenisnya keluar dari mulut/jari aing","1929077818794590430","","","in","","0","0","0","https://x.com/undefined/status/1929077818794590430","1824125140072116224",
"1929077500124020832","Sun Jun 01 07:28:11 +0000 2025","0","dpt kata kata semangat guys https://t.co/bX4WrdmPb7","1929077500124020832","https://pbs.twimg.com/media/GsV1wynbcAAESPe.jpg","","in","","0","1","0","https://x.com/undefined/status/1929077500124020832","1395783569436340229",
"1928821734804959423","Sun Jun 01 07:24:48 +0000 2025","0","@naraaouboom Terima kasih ya kamu udah selalu ngasih kata-kata baik selamat hari minggu semoga kamu bahagia selalu ","1929076648952946743","","naraaouboom","in","","0","0","0","https://x.com/undefined/status/1929076648952946743","1745329021674770432",
"1929076543843873057","Sun Jun 01 07:24:23 +0000 2025","0","Kata kata yg ku tunggu https://t.co/bPO28utKhe","1929076543843873057","https://pbs.twimg.com/media/GsV040daEAAsgHA.jpg","","in","","0","0","0","https://x.com/undefined/status/1929076543843873057","1359924132918435841",
"1922154323464569099","Sun Jun 01 07:21:46 +0000 2025","0","︎ Berikan detail alamat dan waktu di email. Aku akan datang tepat waktu. Kata-kata itu diucap dengan lugas berakhir sebagai janji sekaligus pengiring kepergian HYUN dari ruangan dingin itu. ︎","1929075885480792321","","rottenhaul","in","","0","1","0","https://x.com/undefined/status/1929075885480792321","1917284586448642049",
"1929075651383861300","Sun Jun 01 07:20:50 +0000 2025","1","nih silahkan di cek yah manteman :9 gue ga bikin carrd baru cuman revisi kata kata sama ngubah beberapa warna. maff sedikit mengecewakan bagi mutual lama https://t.co/bqgylUXkbA","1929075651383861300","","","in","","0","0","0","https://x.com/undefined/status/1929075651383861300","1716663978821398528",
"1929075417861992673","Sun Jun 01 07:19:54 +0000 2025","0","kata-kata lucu fourth itu manusia asli MASIH CEKIKIKAN BANGET ANJIR yang bilang fot AI siapaa njirrr","1929075417861992673","","","in","","0","0","0","https://x.com/undefined/status/1929075417861992673","1457641235775062022",
"1929075329202561066","Sun Jun 01 07:19:33 +0000 2025","1","kata kata apa lgi yang pantas buat mereka https://t.co/oBeWABeu1j","1929075329202561066","https://pbs.twimg.com/amplify_video_thumb/1929070783013462016/img/pcpFmYW02UnxBy7F.jpg","","in","","0","0","0","https://x.com/undefined/status/1929075329202561066","1870434302946844672",
"1929075279810400682","Sun Jun 01 07:19:21 +0000 2025","1","kak when you regained your conciousness lo bakalan mikirin soal kata-kata kasar yang lo tulis ke orang yang bahkan kenal lo aja nggak pake akun bodong lo ini. no good thing will come from this btw.","1929075279810400682","","","in","","0","1","1","https://x.com/undefined/status/1929075279810400682","1825341569161121792",
"1928813787420795283","Sun Jun 01 07:18:24 +0000 2025","0","@karedokx @tanyakanrl Kata-kata terakhirnya mantap betul","1929075037992010085","","karedokx","in","","0","0","0","https://x.com/undefined/status/1929075037992010085","1183469917581897728",
"1929074986452398563","Sun Jun 01 07:18:11 +0000 2025","1","Mau sampai kapan kata kata itu selalu muncul di kepala ku","1929074986452398563","","","in","","0","0","0","https://x.com/undefined/status/1929074986452398563","1863254225264005120",
"1928803218944893332","Sun Jun 01 07:15:49 +0000 2025","0","@eajw00ah KATA-KATA KAK JEMA GK PERNAH GAGAL TREASURE OWNS THE NIGHT #TREASUREatWeverseCon #WeverseConFestival #TREASURE #트레저 @treasuremembers","1929074387652850080","","eajw00ah","in","","0","0","0","https://x.com/undefined/status/1929074387652850080","1772200621975973888",
"1929073122642149680","Sun Jun 01 07:10:47 +0000 2025","0","kata kata berat keluar hari ini. yang perlu ganti ganti dah pak . besok gua bikin motor tenaga marmut aja dah udah","1929073122642149680","","","in","","0","0","0","https://x.com/undefined/status/1929073122642149680","412077859",
"1928975478586749127","Sun Jun 01 07:10:47 +0000 2025","0","Untuk format pengumpulannya cukup sebut nama kelompok dan beri tanda anggota yang aktif atau gak setiap rondenya. Kel 9 1. guruxloki 2. guruxsersei 3. guruxthena Dst.. Mau ditambah kata-kata lain di bawah biar gak template boleh ya asal nama kel &amp; list anggotanya ada. https://t.co/nd1FtMdpFP","1929073120578556297","https://pbs.twimg.com/media/GsVxxwzaMAIEWY2.jpg","guruxstrange","in","","1","1","2","https://x.com/undefined/status/1929073120578556297","726013134612365313",
"1929060660626743689","Sun Jun 01 07:08:22 +0000 2025","1","@AnikMuchtarom @cinggaro @branjangankawat Apalagi kata-kata yg sulit seperti : Njempalik njepat njengat ...itu kalau di bahasa Indonesia kan jadi panjang #Jowolawas","1929072512731627903","","AnikMuchtarom","in","","0","1","0","https://x.com/undefined/status/1929072512731627903","1370604191052263427",
"1928995947633430840","Sun Jun 01 07:07:24 +0000 2025","0","@penyukaped4s @Marievity3_ once again sorry ya kaa kalo ada kata kata yg kurang berkenan semalem udh diberesin ko udh di reminder jg buat semuanya. semoga damai selalu ya kita ","1929072273052328364","","penyukaped4s","in","","0","0","0","https://x.com/undefined/status/1929072273052328364","1286772586936799232",
"1929071909825610004","Sun Jun 01 07:05:58 +0000 2025","0","@leeaisaw kakaakk terima kasih kue dan kata-kata manisnyaa. semoga hal baik selalu datang ke kakak yaa ","1929071909825610004","","leeaisaw","in","","0","0","0","https://x.com/undefined/status/1929071909825610004","2330430637",
"1929026476839678324","Sun Jun 01 07:04:52 +0000 2025","0","@soshyun kakakkk terima kasih yaaaa kue dan kata-kata yang ngga kalah manisnya. semoga ucapannya kembali ke kaka ya be gentler to yourself too nee? ","1929071634540826760","","soshyun","in","","0","0","0","https://x.com/undefined/status/1929071634540826760","2330430637",
"1929065430649340176","Sun Jun 01 07:04:18 +0000 2025","0","@sbmptnfess Baru mau mengeluarkan kata-kata mutiara nder","1929071491993207206","","sbmptnfess","in","","0","0","0","https://x.com/undefined/status/1929071491993207206","1856229389782142976",
"1929071273579094265","Sun Jun 01 07:03:26 +0000 2025","0","Gue stress banget anjir liat kakek kakek viral di tt yang marah-marah ke strangers. Ternyata gak cuma sekali dia begitu. Kata-kata yang keluar dari mulutnya itu loh Dinsos plis kerja ini kakek kakek kayaknya ada gangguan deh","1929071273579094265","","","in","","0","0","0","https://x.com/undefined/status/1929071273579094265","1956480499",
"1929071253794517124","Sun Jun 01 07:03:22 +0000 2025","0","Dan juga aku tuh tim males komplen walau sebenarnya dalem hati berisik terus aku juga ga bisa merangkai kata-kata yang enak di baca takut kena salty ","1929071257414180948","","lovelyNhuYimz","in","","0","0","0","https://x.com/undefined/status/1929071257414180948","1641869560751210497",
"1928345101484576837","Sun Jun 01 07:03:02 +0000 2025","0","@wifnteo Kamu mau bikin aku mleyot berapa kali sayang aku udah meleleh banget baca kata kata kamu ini ","1929071173175787803","","wifnteo","in","","0","0","0","https://x.com/undefined/status/1929071173175787803","1057869442007228416",
"1929071126912651555","Sun Jun 01 07:02:51 +0000 2025","1","tapi gimana anjir cuma bisa sabar sabar sabar. sampe udah muak sama kata-kata sabar..","1929071126912651555","","","in","","0","0","0","https://x.com/undefined/status/1929071126912651555","1183075553336709120",
"1929070999254819089","Sun Jun 01 07:02:21 +0000 2025","0","Sport jantung melihat gimana remaja mudah tertipu manis kata-kata. #DepokSOS #SaveOurSurroundingsFest","1929070999254819089","","","in","","0","0","0","https://x.com/undefined/status/1929070999254819089","1687032100678230016",
"1929070905868652622","Sun Jun 01 07:01:59 +0000 2025","3","Kata-kata hari ini pak Inzaghiiiiiii Ini adalah tiga. Tiga kali kalah tiga kompetisi gagal juara https://t.co/rtthsFsFBZ","1929070905868652622","https://pbs.twimg.com/media/GsVvw21aMAEy0GZ.jpg","","in","","0","0","0","https://x.com/undefined/status/1929070905868652622","4152518174",
"1929070827258966327","Sun Jun 01 07:01:40 +0000 2025","1","normalisasi kok kata kata tiktok gendeng mbakkk","1929070827258966327","","","in","","0","0","0","https://x.com/undefined/status/1929070827258966327","1142782139785592832",
"1929051055322706075","Sun Jun 01 07:00:28 +0000 2025","0","@kenzezt Benee banget kata kata nya","1929070525914947844","","kenzezt","in","","0","0","0","https://x.com/undefined/status/1929070525914947844","1599695159440322561",
"1927908799614177760","Sun Jun 01 07:00:25 +0000 2025","0","@lnovo83 @sukafantasy46 Jitu juga rangkaian kata-kata pujangga umpan ke.akan tu bang https://t.co/pP3nY9miEI","1929070515152425086","https://pbs.twimg.com/tweet_video_thumb/GsVvYUqbAAARtLc.jpg","lnovo83","in","","0","0","0","https://x.com/undefined/status/1929070515152425086","1840391437252538368",
"1929070374941069792","Sun Jun 01 06:59:52 +0000 2025","1","Kramas diawali dengan kata kata sok bijak akhirnya gak jadi kramas Cobain deh","1929070374941069792","","","in","","0","0","0","https://x.com/undefined/status/1929070374941069792","486650220",
"1929069374662418942","Sun Jun 01 06:55:53 +0000 2025","3","Kata kata indah pun tidak cukup mendiskripsikan kamu yang begitu sempurna #정수빈상하이첫팬사인 #ChungSubinFirstFanMeeting","1929069374662418942","","","in","","0","1","1","https://x.com/undefined/status/1929069374662418942","539688902",
"1929065823974346964","Sun Jun 01 06:54:48 +0000 2025","0","@BofurinFlower Kasihan kakak cantik lucu nan imut ini di bombardir oleh kata kata yang merepresentasikan dirinya.","1929069099918733547","","BofurinFlower","in","","0","1","0","https://x.com/undefined/status/1929069099918733547","1909216095766200320",
"1928845440033669549","Sun Jun 01 06:54:37 +0000 2025","0","@pockyrc1 @footbalicius @WatchmenID Mana clip/kata kata KOTOR yang keluar dari komentatornya??? (atau emang otak lo aja yang KOTOR?)","1929069052913238335","","pockyrc1","in","","0","0","0","https://x.com/undefined/status/1929069052913238335","2287557392",
"1929068742580867084","Sun Jun 01 06:53:23 +0000 2025","0","Sampe ngucap kata kata yang sama saking seringnya bahas hal itu. emang guenya yang harus sadar diri","1929068742580867084","","","in","","0","0","0","https://x.com/undefined/status/1929068742580867084","1305047571862228993",
"1929068266527539687","Sun Jun 01 06:51:29 +0000 2025","0","First time aku tak henti mencarut lepas tengok vtt yg ada kata-kata menyedihkan Ye. Kau punya la tu. Mmg aku carut dari awal sampai akhir vtt tu. Pale buto kau la terpaling sedih. Terpaling tersakiti sial babi anjing. Reply chat aku dulu","1929068266527539687","","","in","","0","0","0","https://x.com/undefined/status/1929068266527539687","992989667308941313",
"1928133115752632838","Sun Jun 01 06:51:20 +0000 2025","0","⠀ Beberapa detik ia diam sebelum akhirnya meraih cangkir itu dengan satu tangan dan menyesapnya dalam diam. Pahitnya pas. Tidak menusuk cukup untuk mengingatkan bahwa sesuatu sedang bekerja di dalam. Ia tidak langsung menjawab Darma. Ada hal dalam kata-kata tadi ( ) ⠀","1929068227977416841","","0FIVICTORY","in","","0","1","0","https://x.com/undefined/status/1929068227977416841","1647602215492919296",
"1929067857616294198","Sun Jun 01 06:49:52 +0000 2025","0","Gada itu karma. Itu cuma kata kata penghibur","1929067857616294198","","","in","","0","0","0","https://x.com/undefined/status/1929067857616294198","968400474842918913",
"1928991518594867358","Sun Jun 01 06:49:47 +0000 2025","0","Hay lagi-lagi jualan. Kali ini cluenya lebih singkat cuma pakai kata-kata yang masih bisa dihitung jari. https://t.co/Hl7F3QuYtO","1929067837945163888","https://pbs.twimg.com/media/GsVs-KraMAQpkvS.jpg","ObscuraCase","in","","2","1","0","https://x.com/undefined/status/1929067837945163888","3665540355",
"1929056842992279677","Sun Jun 01 06:41:55 +0000 2025","0","@Yujiu212 Cakep bgt kata kata nya","1929065856043975051","","Yujiu212","in","","0","1","0","https://x.com/undefined/status/1929065856043975051","1857755322263416836",
"1929065431349776847","Sun Jun 01 06:40:13 +0000 2025","1","Kata-kata hari ini~ https://t.co/feHjMUFXad","1929065431349776847","https://pbs.twimg.com/amplify_video_thumb/1929065317709524993/img/bg3cklmmvwBPZHNk.jpg","","in","","0","0","0","https://x.com/undefined/status/1929065431349776847","424826235",
"1929065368196157909","Sun Jun 01 06:39:58 +0000 2025","190","250601 #CARMEN weverse comment : tumben gak ada kata-kata dari kemaren : mager.. skip : hari hari liat orang di notice sama idol nya lah gua kapan ya? : Kapan kapan #Hearts2Hearts #하츠투하츠 #H2H @Hearts2Hearts https://t.co/0YOYf0tFaJ","1929065368196157909","https://pbs.twimg.com/media/GsVqufzaMAInsRF.jpg","","in","","1","0","30","https://x.com/undefined/status/1929065368196157909","1697500654066155520",
"1929058895957213686","Sun Jun 01 06:38:33 +0000 2025","0","@bfgrent Tapi perlu diingat aku anaknya bukan si paling PT tapi aku woa banget woa mentok! Aku suka nyiram pacarku pakai kata kata apresiasi plus kata kata manis hehe. Jadi.. Mind to spend 2 days with me? : https://t.co/w8NgQL5bID https://t.co/VoPLPOctXX","1929065008681386429","","Liefjei","in","","0","0","0","https://x.com/undefined/status/1929065008681386429","1911332661127503872",
"1929064227551195460","Sun Jun 01 06:35:26 +0000 2025","1","Kata kata hari ini mqin empi el aka bang komposisi hero gituan https://t.co/eyg3EmFgmP","1929064227551195460","https://pbs.twimg.com/media/GsVpsSgagAARTsP.jpg","","in","","0","1","0","https://x.com/undefined/status/1929064227551195460","3020851448",
"1928925696388223019","Sun Jun 01 06:33:37 +0000 2025","0","@Iyangaprill kata kata penguat","1929063767939137993","","Iyangaprill","in","","0","0","0","https://x.com/undefined/status/1929063767939137993","1496710711376252933",
"1929025282209611798","Sun Jun 01 06:32:25 +0000 2025","0","@erreerya Kata kata ajaib Yaudah mau gimana lagi ","1929063466083729639","","erreerya","in","","0","0","0","https://x.com/undefined/status/1929063466083729639","851181944",
"1928916954380906598","Sun Jun 01 06:29:40 +0000 2025","0","@flippy_flash @FansNerazzurri Marah niye? 5-0 bang udah gak ketolong itu parahnya. Di final pula. Minimal malu bang malah ngata-ngatain decul Kasar amat kata-kata orang lagi emosi bercampur malu ","1929062774065483886","","flippy_flash","in","","0","0","0","https://x.com/undefined/status/1929062774065483886","291558763",
"1929061981480518074","Sun Jun 01 06:26:31 +0000 2025","0","anjai kata kata hari ini bude https://t.co/kvBGgE7G26","1929061981480518074","https://pbs.twimg.com/media/GsVnpYKaMAU1erY.jpg","","in","","0","0","0","https://x.com/undefined/status/1929061981480518074","1863486622270111744",
"1929042758599053810","Sun Jun 01 06:26:22 +0000 2025","4","@gwangjularity @BaseAnakFK sa ae kata kata penghiburnya kak (cries in fk pts)","1929061946562850859","","gwangjularity","in","","0","1","0","https://x.com/undefined/status/1929061946562850859","1511745105589604352",
"1928519301637538205","Sun Jun 01 06:26:15 +0000 2025","0","@tanyarlfes dulu aku masih jadi remaja pemberontak sekitaran umur 15 aku ngeblock ibuku karena ngerasa omongannya pedis banget kaya waktu itu aku lagi nyari jati diri tapi di nasehati dengan kata-kata yg justru bikin aku malah ngerasa lebih hilang lagi tapi skrg udah sadar ko ges ","1929061916334231950","","tanyarlfes","in","","0","0","0","https://x.com/undefined/status/1929061916334231950","1855454703045476352",
"1927552910059327791","Sun Jun 01 06:25:38 +0000 2025","0","@3CareIndonesia Kata- kata motivasi sepertinya yg banyak orang butuhkan di jaman sekarang terima kasih telah memberi semangat ","1929061758829773087","","3CareIndonesia","in","","0","0","0","https://x.com/undefined/status/1929061758829773087","938708549961576448",
"1929061742635569656","Sun Jun 01 06:25:34 +0000 2025","2","Inilah penjelasan mengapa pria selain berumur lebih pendek juga sulit mengingat kata-kata cerita dan curhat istrinya. Via TikTok: bt_diazz https://t.co/67i8NUM2Od","1929061742635569656","https://pbs.twimg.com/ext_tw_video_thumb/1929061388946948096/pu/img/-ZEbJykby_Sp0mQ5.jpg","","in","","0","0","0","https://x.com/undefined/status/1929061742635569656","15435517",
"1928977993185026087","Sun Jun 01 06:22:56 +0000 2025","0","@rayzapratamaa @utdfocusid Lucu banget lagi wkwkwk pokoknya dasar dari semua yang keren cruyf aja ya bang padahal mereka semua punya filosofi sendiri tapi yang dibanggain sama si 2 handphone selalu cruyfnya aja dan selalu ngutip kata-kata guadriola tentang cruyf emang agak aneh buzzer knvb itu wkwkwk.","1929061079277097370","","rayzapratamaa","in","","0","0","0","https://x.com/undefined/status/1929061079277097370","1793275090576257024",
"1928747085290962976","Sun Jun 01 06:21:40 +0000 2025","0","@Boediantar4 Saya orang islam saya mau tanya itu yg bilang kejawen kontol itu orang islam bukan kalo memang orang islam sebenarnya apa harus mengatak dengan kata kata kejawen kontol emang ajaran islam bahasanya harus begitu panitia surga masa omongannya ga pake adab apa ajaranya pake bahasa","1929060760325689543","","Boediantar4","in","","0","0","0","https://x.com/undefined/status/1929060760325689543","1673691859108106241",
"1929056337561833671","Sun Jun 01 06:20:04 +0000 2025","0","&gt; ujarnya lirih seolah berbicara kepada angin atau kepada dirinya sendiri. Tapi rasa kadang lebih jujur daripada kata-kata. Maka izinkan makanan ini yang menyampaikan sesuatu untukmu. Ia menggeser piring kue itu perlahan ke arah kursi kosong di seberang meja. &gt;","1929060360851526001","","vacmnt","in","","0","1","0","https://x.com/undefined/status/1929060360851526001","2349313015",
"1929037333262905370","Sun Jun 01 06:19:07 +0000 2025","0","@jejeayy1 gatau deh gada kata kata","1929060120375304470","","jejeayy1","in","","0","0","0","https://x.com/undefined/status/1929060120375304470","1900579883895676928",
"1929059520833053161","Sun Jun 01 06:18:42 +0000 2025","0","@jwonnuxx Ini pasti kata-kata hari ini ya abang Shaka #.paham","1929060014624248291","","jwonnuxx","in","","0","1","0","https://x.com/undefined/status/1929060014624248291","717712716874391552",
"1927598242973544506","Sun Jun 01 06:18:16 +0000 2025","0","@Yudiilll @nishltaku @EkoRachmadi2 Ada ya koruptor ditangkap tanpa bukti yg jelas ? Yang ada kalau si Amies ditangkap mulai lah narasi ketakadilan tak ada bukti pembungkaman calon presiden dst nya Si mulut Amies emang bs bermanis manis. Membungkus dgn kata kata yang terlihat hebat heroik.","1929059905677254864","","Yudiilll","in","","0","1","0","https://x.com/undefined/status/1929059905677254864","1563918488267198467",
"1929059194961064265","Sun Jun 01 06:15:26 +0000 2025","0","jangan kebiasaan make kata kata ga pada tempatnya deh. aneh bgt minta ke ortu dibilang ngemis.","1929059194961064265","","","in","","0","0","0","https://x.com/undefined/status/1929059194961064265","1279061841281380354",
"1929038042083233947","Sun Jun 01 06:15:13 +0000 2025","0","@sweectz kata kata kramat tuh kak","1929059140627763514","","sweectz","in","","0","0","0","https://x.com/undefined/status/1929059140627763514","1497183589619830786",
"1929058289280778322","Sun Jun 01 06:13:21 +0000 2025","1","Aku rasa ayat ini mungkin keluar dari mulut seseorang yang belum pun berkahwin. Sebab kalau dah kahwin dia akan tahu &amp; sedar hakikat perkahwinan itu bagaimana. Dia tak akan sampai hati untuk mengeluarkan kata-kata yang dangkal begini.","1929058670505333193","","ArepJawa","in","","0","0","0","https://x.com/undefined/status/1929058670505333193","1053294658569289730",
"1929058564154204345","Sun Jun 01 06:12:56 +0000 2025","0","hatiku terlalu mungil untuk dikata-katain pake kata-kata toxic gabisa banget","1929058564154204345","","","in","","0","0","1","https://x.com/undefined/status/1929058564154204345","1730870520739160064",
"1929058461708369985","Sun Jun 01 06:12:32 +0000 2025","0","Ingin rasanya ku mengeluarkan kata kata kasar","1929058461708369985","","","in","","0","0","0","https://x.com/undefined/status/1929058461708369985","25796673",
"1929058289280778322","Sun Jun 01 06:11:50 +0000 2025","8","Kasihan terhadap mereka yang mengeluarkan kata-kata sebegini. Lebih kasihan lagi terhadap mereka yang menyokongnya. Kalau seseorang itu benar faham tentang Islam tidak sewajarnya ungkapan ini keluar dari mulutnya. Contoh paling hampir ialah Sayidatina Khadijah binti Khuwailid. https://t.co/pdiYC6pwPL","1929058289280778322","https://pbs.twimg.com/media/GsVkSYCa4AECGMO.jpg","","in","","1","1","2","https://x.com/undefined/status/1929058289280778322","1053294658569289730",
"1929052228695826698","Sun Jun 01 06:11:09 +0000 2025","0","@arinlee01 Padahal fans Dy juga mendukung buat rnb akgae berulah itu tapi malah dikasih kata kata begitu waduh selama ini berarti oke oke aja kalo Dy beneran jadi samsak fandom kah? Shsjakka","1929058114709438767","","arinlee01","in","","0","1","0","https://x.com/undefined/status/1929058114709438767","1290608945606795265",
"1929056469107749056","Sun Jun 01 06:09:48 +0000 2025","1","@nattaywat di jadiin buku aja kata kata lucu nya SKSKKSK SAYANGKUU ","1929057774832677278","","nattaywat","in","","0","1","0","https://x.com/undefined/status/1929057774832677278","1442681895158878209",
"1928815430837186958","Sun Jun 01 06:05:35 +0000 2025","0","@asahimup oke udh ku ss. ku pegang kata kata mu kak","1929056713493147788","","asahimup","in","","0","0","0","https://x.com/undefined/status/1929056713493147788","1584832090591223809",
"1928750139004326240","Sun Jun 01 06:01:52 +0000 2025","0","@Utayrus_Ayd Saya kawatirnya yang melakukan edit justru akan seperti ini. Karena penyanjung editor sangat percaya dan bahagia tambah pula kata-kata hujatan kebencian","1929055779274764680","","Utayrus_Ayd","in","","0","0","0","https://x.com/undefined/status/1929055779274764680","1866275716893200384",
"1928928744841847120","Sun Jun 01 06:01:01 +0000 2025","0","@Doelbatox Penuh dengan kata-kata ya","1929055567160463715","","Doelbatox","in","","0","0","0","https://x.com/undefined/status/1929055567160463715","2758514019",
"1929038042083233947","Sun Jun 01 06:00:22 +0000 2025","0","@sweectz Enggak butuh kata kata kaya gitu","1929055400113922450","","sweectz","in","","0","0","0","https://x.com/undefined/status/1929055400113922450","1063752758807777281",
"1929035430206517753","Sun Jun 01 05:59:06 +0000 2025","0","@aksarapodo @sbyfess Eh kok bisa ada kata kata gimana caranya","1929055084094062647","","aksarapodo","in","","0","0","0","https://x.com/undefined/status/1929055084094062647","1409312683250176004",
"1929054716329341416","Sun Jun 01 05:58:28 +0000 2025","0","@Otcar Gw cabut kata-kata gw sekarang.","1929054922315645221","","Otcar","in","","0","1","0","https://x.com/undefined/status/1929054922315645221","1219414785747324928",
"1929054386807881844","Sun Jun 01 05:56:20 +0000 2025","0","Tiap kali TBM selalu nyampein kata-kata ini. Sayangi nyawa sendiri. Keluarga di rumah nunggu gaji yang berkah. Sampeyan kenapa-napa perusahaan bisa nyari orang baru. Kalo nyawa sampeyan yang ilang mau nyari kemana? ","1929054386807881844","","","in","","0","0","0","https://x.com/undefined/status/1929054386807881844","1371452282324185090",
"1929054311100961188","Sun Jun 01 05:56:02 +0000 2025","131","memutuskan untuk full support dia karna kata-kata yg dikeluarkan dari mulutnya selalu bisa dipertanggungjawabkan dan omongan janjinya bisa di pegang bukan hanya bualan semata dia beneran serius membuktikannya kata orang itu baru disebut LAKI-LAKI GENTLEMEN https://t.co/q3lKNQrqCF","1929054311100961188","https://pbs.twimg.com/media/GsVgrDdaMAUGwGq.jpg","","in","","0","0","24","https://x.com/undefined/status/1929054311100961188","1697865224710438912",
"1928378715299282960","Sun Jun 01 05:51:27 +0000 2025","0","@iambigggT @zeinpiliang kata-kata hari ini bolo https://t.co/lGwZ45VDhN","1929053156261892277","https://pbs.twimg.com/media/GsVfn1aaMAIEeIU.jpg","iambigggT","in","","0","0","0","https://x.com/undefined/status/1929053156261892277","530867596",
